YearsExperience,Salary
0.5,180000
0.8,200000
1,220000
1.2,240000
1.5,270000
1.8,300000
2,330000
2.3,360000
2.6,390000
3,420000
3.3,450000
3.6,480000
4,520000
4.3,550000
4.6,580000
5,620000
5.4,660000
5.8,700000
6.2,740000
6.6,780000
7,820000
7.5,860000
8,900000
8.5,950000
9,1000000
9.5,1050000
10,1100000
10.5,1160000
11,1220000
11.5,1280000
12,1340000
12.5,1400000
13,1470000
13.5,1540000
14,1610000
14.5,1680000
15,1750000
15.5,1820000
16,1890000
16.5,1960000
17,2030000
17.5,2100000
18,2180000
18.5,2260000
19,2340000
19.5,2420000
20,2500000
20.5,2580000
21,2660000
21.5,2740000
22,2820000
22.5,2900000
23,2990000
23.5,3080000
24,3170000
24.5,3260000
25,3350000
