Area_sqft,Price
400,1200000
450,1350000
500,1500000
550,1650000
600,1800000
650,1950000
700,2100000
750,2250000
800,2400000
850,2550000
900,2700000
950,2850000
1000,3000000
1050,3150000
1100,3300000
1150,3450000
1200,3600000
1250,3750000
1300,3900000
1350,4050000
1400,4200000
1450,4350000
1500,4500000
1550,4650000
1600,4800000
1650,4950000
1700,5100000
1750,5250000
1800,5400000
1850,5550000
1900,5700000
1950,5850000
2000,6000000
2050,6150000
2100,6300000
2150,6450000
2200,6600000
2250,6750000
2300,6900000
2350,7050000
2400,7200000
2450,7350000
2500,7500000
2550,7650000
2600,7800000
2650,7950000
2700,8100000
2750,8250000
2800,8400000
2850,8550000
2900,8700000
2950,8850000
3000,9000000
3050,9150000
3100,9300000
3150,9450000
3200,9600000
3250,9750000
3300,9900000
3350,10050000
3400,10200000
3450,10350000
3500,10500000
3550,10650000
3600,10800000
3650,10950000
3700,11100000
3750,11250000
3800,11400000
3850,11550000
3900,11700000
3950,11850000
4000,12000000
