Area (sq. ft),Price (in $1000s)
3774,525.4181358902022
1460,196.35677753039087
1894,261.6984497551783
1730,243.51864734765493
1695,235.57173829726884
3692,519.8282346864404
2238,312.31949870754437
2769,389.3711760148303
1066,147.6687156489018
1838,260.7833952745606
930,122.44644048168732
2082,284.2704183686807
2735,391.5656072230267
3771,526.9941151144548
3519,489.376369951675
730,104.17838876519544
2285,319.96249086091996
3980,554.5342291581887
1369,183.49481399938705
2991,414.74871342013637
2115,292.93464690190183
3453,492.0479128852326
3033,431.6850042805996
1815,248.53256932716397
1555,209.7841020957245
2924,407.2789160951116
1784,255.15102131110774
1059,145.6793338388246
3985,561.2409304511011
621,91.77230057970735
2900,413.88674988913255
1347,189.38532831057293
3504,497.25626607293805
1074,159.7994377175615
1682,233.73431493569686
3158,452.3525366034071
2647,383.1276644677703
3347,466.0658454754919
1575,216.6109072673737
2406,336.0646621493975
789,113.51746402156054
3605,513.5316321897665
3334,471.22842211392
3605,502.53163218976647
1162,166.23738047281793
2499,349.20930619756626
1867,271.8822627734519
3479,482.7227596083766
2128,299.7720702634738
3802,539.375663130511
1246,171.10996219374454
2668,378.0958098980019
3488,493.9948219356187
2814,406.731487651041
1897,268.1224705309257
3035,424.96768479776455
1200,159.60831029895138
2963,408.7911861798275
2661,385.1064280879247
841,120.86715746784843
2641,371.2796229162755
3424,475.9490453863413
3212,449.98491056685987
3545,496.05121667481893
1963,274.450927597368
2739,385.1309682573565
1990,275.26711457909437
3603,499.24895167260155
2078,301.70505733435084
3156,445.06985608624217
1375,195.3428555508818
634,93.60972394127931
2853,401.24375773575696
3752,539.308650201388
2555,367.124360678184
2185,314.82846500267397
3673,528.1427697733737
1621,230.11255916216683
3213,450.12625082544236
1729,235.37730708907247
2100,288.81454302316496
1302,190.02501667436226
3049,424.946448417919
3377,483.3060532329657
2179,313.98042345117926
761,113.55993678125168
801,104.21354712455006
2581,355.799207401328
1595,219.4377124390229
2917,402.28953428503434
1415,189.99646589418018
3942,565.1632993320553
1055,140.11397280449478
1875,266.01298484211156
1616,223.40585786925453
2943,408.9643810081783
3367,475.8926506471411
937,138.43582229176454
1478,203.90090218487512
1676,230.8862733842021
1391,205.60429968820117
2864,395.798500580164
1363,187.6467724478923
2835,400.6996330812727
979,143.37211315222785
1092,159.34356237204577
3712,514.6550398580896
1780,249.5856602767779
2662,371.2477683465072
664,98.84993169875311
3168,439.7659391892317
1967,287.0162886316978
1752,240.62813303646902
2627,379.3008592961211
3295,457.716152029204
2095,304.10784173025263
3734,536.7645255469038
1762,245.04153562229362
2122,308.924028711979
3240,455.94243780716874
