Age,Salary,Purchased
56,20287,0
46,49387,0
32,23512,0
60,16342,0
25,78076,1
38,34216,0
56,108070,1
36,94767,1
40,112829,0
28,41614,0
28,51258,0
41,108789,1
53,57078,0
57,98524,1
41,111573,0
20,27219,0
39,15235,0
19,57929,0
41,82444,1
61,23567,0
47,116834,1
55,85792,1
19,80441,0
38,99555,0
50,88698,1
29,20415,0
39,51159,0
61,58925,0
42,20951,0
44,102388,1
59,23007,0
45,56832,0
33,73596,0
32,45523,0
64,103861,1
61,101740,1
20,30524,0
54,34282,0
24,38930,0
38,15077,0
26,35611,0
56,31984,0
35,29060,0
21,97985,0
42,99056,0
31,58303,1
26,74207,0
43,90046,0
19,44287,0
37,108709,1
45,54711,1
64,26954,1
24,88340,1
61,87101,1
25,86520,0
64,102062,1
52,117974,1
31,33574,0
34,24184,0
53,34096,0
57,82728,1
21,49016,0
19,26246,0
23,60558,0
59,33381,0
21,51455,0
46,107263,0
35,19018,0
43,26302,0
61,82506,1
51,56157,0
27,69917,1
53,107738,0
31,111646,1
48,98122,0
32,39519,0
25,111809,0
31,102487,1
40,71819,0
57,95910,0
38,86324,1
33,20408,0
62,74379,1
35,40053,0
64,24446,0
41,15922,1
43,113723,1
42,66356,0
62,25789,0
58,112720,1
46,81656,1
32,59028,0
62,79484,0
18,47154,0
42,97870,0
24,17336,0
26,118677,0
41,82779,1
18,34029,0
61,74201,1
25,47265,0
41,117916,1
28,58872,0
34,61197,0
25,70180,0
52,38710,0
52,44486,1
50,86907,1
22,86895,1
59,79435,1
56,55631,1
58,116532,1
45,35103,0
24,79772,0
26,29382,0
25,99291,0
29,116195,0
51,18756,1
50,35609,0
40,31478,0
41,115978,0
54,54666,0
52,90683,1
61,114097,1
57,115420,1
39,86315,1
44,92834,0
52,29153,0
18,91325,0
52,27999,1
54,70318,0
64,15814,0
31,91077,0
20,105474,0
18,17443,0
22,90993,0
43,90916,1
31,88319,1
56,32368,1
44,30328,0
26,71942,0
32,106751,1
32,114131,1
43,42306,0
59,100451,1
30,54915,0
49,52219,0
56,95879,0
49,79644,1
21,75279,0
47,68028,0
54,119263,1
40,15126,1
56,67329,1
62,42632,0
32,80310,0
60,70176,1
46,101066,1
53,59327,0
30,83904,1
49,18797,1
24,62882,0
39,28718,0
45,49560,0
19,91589,1
59,37116,0
62,51244,0
23,116721,1
45,16645,0
45,62523,0
61,34256,1
61,116376,1
37,115158,1
47,68173,1
28,52430,0
45,54282,0
42,78374,1
56,83244,1
50,26694,0
18,71264,0
44,90060,1
30,112416,0
58,72545,1
20,54224,0
56,117516,1
23,112945,0
25,28224,0
44,55738,0
26,40150,1
54,78731,0
50,64688,1
59,114929,1
61,88509,1
41,23577,0
32,23070,0
49,23666,1
49,72761,0
41,51368,0
58,21783,1
29,56914,0
56,85507,1
19,94026,0
20,82526,0
54,85835,0
34,60765,0
19,34956,0
19,102895,1
45,61240,1
40,52148,0
54,109270,1
49,19757,0
50,34097,0
18,25395,0
36,31241,0
19,118892,0
61,42696,0
43,85480,0
49,61163,0
23,34816,0
49,64840,1
21,117547,1
28,67853,0
34,39917,0
55,111731,1
41,36566,0
22,90452,0
51,77823,1
23,35806,1
39,90520,0
28,16759,0
33,56949,0
50,107374,0
26,17482,0
23,39442,0
33,48719,0
46,73066,0
20,108501,1
37,17079,0
53,17717,1
36,74676,0
43,42952,0
20,101444,0
36,57460,0
37,105397,1
49,87847,1
24,108607,1
58,104106,1
50,33449,0
57,48536,0
56,79077,1
35,53258,0
57,63302,1
18,43865,0
28,21645,0
45,53000,0
42,41737,0
40,26485,0
48,53565,1
47,40522,0
59,80155,0
52,70168,1
24,67487,0
33,27342,0
43,55806,0
19,63770,0
18,93623,0
29,118177,0
22,114785,1
54,90629,0
49,67603,1
26,96974,1
58,41399,1
52,100382,1
36,96244,0
33,91534,0
20,70106,0
37,45678,0
41,91218,1
50,78230,1
41,89055,1
28,71373,0
25,46480,0
53,100230,1
55,83836,1
57,87258,0
37,54986,0
52,39160,0
42,100595,1
52,116358,1
42,94111,0
46,79929,1
35,88506,0
63,49911,0
35,102127,0
19,46821,0
52,90039,1
33,75535,0
58,99458,0
53,27175,0
50,69771,0
21,101925,0
50,81358,1
31,32327,0
38,62057,0
37,21150,0
25,19425,0
24,31032,0
20,17198,0
34,75500,0
50,68394,0
29,35079,0
39,51220,0
39,56874,0
63,28859,1
47,65460,1
55,46419,1
55,23705,0
62,57880,0
25,38236,0
44,102955,1
44,100514,0
51,118145,0
38,30358,0
47,114713,1
50,109914,1
45,117870,1
64,91918,1
50,29596,0
22,48572,0
36,93757,0
21,16279,0
52,78197,0
34,77516,0
61,22083,0
45,32771,0
47,44975,0
46,60648,0
63,63285,1
23,34063,0
52,82642,1
58,105093,1
54,101143,0
41,52599,0
46,66920,0
63,43529,0
48,50954,0
52,42856,0
50,17573,0
38,93344,1
49,50367,0
40,117337,0
50,114608,1
20,75774,0
35,38752,0
42,70029,1
59,32685,1
48,66693,1
20,70961,0
57,91908,0
63,89532,1
41,96994,0
49,71133,0
64,112425,1
39,76268,1
40,107201,1
19,53243,0
44,72384,1
59,46653,0
19,41657,0
43,54952,1
34,37180,0
57,112432,0
50,93411,1
26,16622,0
60,63756,0
56,55809,0
46,31725,0
59,76396,0
43,66226,0
52,96182,1
42,97565,1
41,44402,1
30,19263,0
24,111523,0
53,61828,1
62,62924,0
37,89182,1
18,108065,1
25,74052,0
63,26664,0
33,50737,1
31,116332,1
29,104563,1
40,44373,0
32,51397,0
45,101145,1
51,116371,1
19,53709,0
49,76120,0
40,34250,0
39,36172,0
42,26555,0
39,102410,1
39,93617,1
59,68276,0
23,72492,0
32,68002,0
60,104599,1
54,87355,0
50,106248,1
25,39762,0
61,26046,0
61,111999,1
22,43769,0
56,68302,1
21,38150,0
23,83247,1
62,19853,0
49,109613,0
47,104399,1
64,36792,0
52,74129,1
57,89478,1
33,82298,0
30,46987,0
59,30850,0
47,27112,0
36,39058,0
34,60420,0
36,53890,0
45,81017,1
43,62304,1
54,47921,0
43,16524,0
40,115424,1
26,30048,0
29,50111,0
18,52904,0
18,69912,0
64,49008,1
51,15060,0
49,89666,1
42,98559,1
57,70337,0
62,28350,1
18,39354,0
33,60186,0
56,43145,0
22,49020,0
39,101123,1
46,90186,0
20,100469,0
29,35581,0
43,103929,1
33,38051,0
54,66474,0
39,106748,0
46,84626,0
31,21960,0
45,50772,0
22,36520,0
64,64481,1
47,51408,0
63,109006,1
22,72134,1
29,35491,0
33,16341,0
43,59623,0
43,105327,1
38,15338,0
56,86431,1
53,27254,0
50,66860,0
47,26344,0
54,16750,1
40,69756,1
27,82957,1
22,73053,1
53,85855,0
51,30896,0
48,70761,0
27,77552,1
36,92454,1
49,105600,0
18,42935,0
22,52641,0
62,44711,0
21,85342,1
33,27182,0
41,102833,0
33,71276,0
19,34541,0
45,109457,1
49,97310,0
44,59813,0
37,52198,0
41,23820,1
29,39070,0
52,84768,0
50,26122,0
50,95559,1
60,88543,1
54,98441,1
29,56786,0
20,109934,0
18,114804,1
50,21737,0
57,51062,0
27,69237,0
60,66571,1
61,40510,0
46,34426,0
30,52265,0
29,32850,0
48,81150,0
63,102312,1
19,104613,0
52,89910,1
40,67375,0
34,50435,0
43,111443,1
25,72132,0
46,93945,0
43,97050,1
27,110402,1
43,17983,0
51,112241,1
58,35662,0
24,38510,0
21,93187,0
62,55998,1
28,71846,0
46,109071,0
53,21640,0
42,59547,0
38,69620,0
53,30317,0
27,22564,0
54,42345,0
26,109223,1
41,94273,0
52,89859,1
52,95765,1
53,89038,0
35,67393,0
56,81081,0
49,117650,1
41,44430,0
40,90532,1
49,42788,0
54,110505,1
29,63543,0
30,28919,0
40,84346,0
42,111122,0
52,54974,1
58,31371,0
47,60084,1
34,44629,0
37,66184,0
42,76916,0
39,88972,0
30,77187,0
36,27984,0
53,48039,1
29,100431,0
58,98691,1
36,73606,1
29,25616,0
26,117665,1
24,65072,0
45,39574,1
31,18430,0
48,27676,0
36,25816,0
64,47733,0
33,100680,0
22,17050,1
52,48933,1
29,39951,0
42,47413,0
38,49801,0
53,70619,1
40,47913,0
33,55600,0
56,72775,1
62,105816,1
59,105093,1
56,50400,0
31,19494,0
48,95688,1
22,104431,0
52,89691,0
40,112419,1
46,58001,0
60,82364,1
28,60028,0
35,112659,1
64,52573,0
29,15806,0
26,71638,0
27,44757,0
61,49636,0
34,95097,0
55,63280,1
24,39262,0
63,95435,1
30,77211,0
57,69842,0
59,71979,1
26,96470,1
44,53197,1
19,56844,0
22,79754,0
46,116868,1
54,49157,0
55,92129,0
36,55042,0
25,76665,1
62,97856,1
18,42376,0
39,70554,0
34,29199,0
24,96412,1
42,65948,0
62,88781,1
21,87750,0
53,81262,1
23,61600,0
48,91898,0
36,77483,0
61,33297,0
56,45448,0
44,41172,0
27,57874,0
43,22657,0
36,99386,1
56,40425,0
20,41685,0
62,39578,1
30,43831,0
45,22906,0
37,76413,0
45,69028,0
25,22287,0
58,48660,0
56,90758,0
18,75504,0
20,74720,0
30,117979,1
45,49701,1
42,98300,1
50,32674,0
55,98560,0
23,38874,0
61,58642,1
62,112820,1
49,80160,0
62,32602,0
64,118320,1
38,103801,1
33,40931,0
38,109377,0
28,44192,0
54,61542,0
53,57520,0
52,79772,1
36,73762,1
37,65106,0
35,96121,1
64,40559,0
58,48742,1
31,84669,0
32,95199,0
48,36754,0
18,18972,0
20,85831,1
33,56873,0
40,109661,0
28,24903,0
29,18020,0
27,56755,0
49,100956,1
33,101988,1
25,60648,0
55,118537,1
29,24516,0
41,17396,0
45,99082,1
25,34129,0
45,16591,0
53,26303,0
43,45561,0
25,86719,1
45,107108,0
45,114616,1
54,101231,0
58,22314,0
53,34623,0
44,82675,1
34,111826,1
26,80082,0
50,98624,1
37,48130,0
30,66756,0
45,112624,1
46,41292,0
30,101206,1
63,84274,1
52,17469,0
23,68947,0
35,37534,0
22,78620,0
64,63874,0
42,64708,0
19,89553,0
27,83344,0
47,64138,0
62,69302,0
22,62638,0
50,93249,0
18,17719,0
35,37890,0
49,92236,0
64,51509,1
28,57534,0
38,117302,1
43,107241,1
42,33787,0
39,63845,0
44,72932,0
30,107124,0
50,106659,0
51,48062,0
58,90713,1
52,102263,1
18,110756,1
38,75461,1
23,90418,1
45,81672,1
34,49832,0
22,46966,0
48,87545,1
22,27987,0
55,52311,1
20,46575,0
40,78852,1
54,16007,0
54,85981,1
27,91242,1
27,62517,0
36,44257,0
34,102272,0
38,57207,0
31,28281,0
26,76246,0
63,16435,0
18,113875,0
62,115686,1
30,106357,1
21,41660,1
18,20084,0
57,97197,1
49,28507,0
51,87595,0
45,98807,0
48,60539,0
25,22491,0
56,65192,1
43,95395,0
51,78888,0
20,88609,0
29,24077,0
18,35953,0
61,91919,1
22,82889,0
47,38821,0
47,52567,1
34,39860,0
64,36195,0
40,92475,0
32,105874,0
54,102266,0
38,36427,0
31,115732,1
19,42083,0
28,102046,0
56,72372,1
55,59064,0
51,22813,0
55,46598,0
51,108106,0
35,42082,0
47,44241,0
32,111214,1
44,59569,1
51,26745,0
55,41029,0
50,28025,0
41,116660,0
32,29288,0
47,104186,1
59,21540,0
34,112768,0
22,96958,0
46,83878,0
21,56846,1
27,116148,0
34,90932,1
27,32482,0
34,38411,1
37,65975,1
41,75545,1
22,93797,0
51,67307,1
23,18093,0
19,92258,0
30,37042,0
60,67930,1
60,59413,0
28,108623,0
64,112883,1
40,48756,1
33,68268,0
48,54214,0
28,96871,1
33,43602,0
25,68331,1
21,63901,0
57,114986,1
21,78416,1
42,47196,0
20,20626,0
49,22424,0
20,27857,0
44,34982,1
46,91961,1
49,16980,0
36,63290,0
38,41431,0
22,99976,0
35,97711,1
45,41385,1
59,53158,1
39,38019,0
38,33639,1
23,100530,0
18,114911,0
22,36563,0
58,54341,0
29,20776,0
43,51444,0
63,83916,0
51,23711,1
31,89318,0
43,97970,0
62,100553,1
44,45707,0
26,54110,0
43,76788,1
64,97879,1
39,53827,0
64,20655,0
47,59859,0
60,68625,1
34,67098,0
43,30251,0
53,15526,0
18,83760,0
25,62837,0
52,26536,0
32,43541,0
64,94083,1
39,66027,0
31,49531,0
43,23712,0
45,119101,0
40,80455,0
31,89744,1
41,20109,0
19,64268,0
62,115737,0
43,69615,1
31,97503,1
24,44759,0
20,100708,1
64,75112,0
40,117471,0
63,41589,0
60,45015,0
64,44009,0
62,98309,1
35,77046,1
55,41143,0
52,21154,0
32,36804,0
42,56688,0
54,79288,1
45,66195,0
27,35581,0
56,67648,1
34,45087,1
56,64930,0
39,47981,0
43,84298,0
61,61167,0
42,90304,0
34,58408,0
30,54499,0
37,67269,1
42,53559,0
21,89319,0
27,110317,0
20,111347,1
58,63787,0
62,50488,0
35,89441,0
64,89663,1
53,37431,0
64,76681,1
39,78483,0
51,64153,0
64,21368,0
25,42424,0
57,60004,1
61,98869,0
36,103652,1
59,71985,0
58,65069,1
54,67326,0
23,96061,1
43,38398,1
51,113393,1
62,65861,0
23,90897,0
54,96905,1
50,83577,1
39,80641,0
38,24078,1
23,40003,0
23,77768,1
21,66047,1
47,86626,0
28,72660,0
47,119386,1
48,64786,0
41,16925,0
26,98976,0
20,41015,0
48,48320,1
57,79881,1
54,105827,1
53,117215,1
41,41289,0
48,18389,0
23,40683,0
19,28629,0
37,76550,1
45,39826,0
28,115734,1
21,41630,0
32,113762,1
23,61163,0
47,113511,0
55,81435,1
19,26653,0
32,42961,0
28,96941,0
25,89137,0
43,48662,0
62,113818,1
61,71446,1
22,36288,0
23,110081,0
43,51877,0
21,30313,0
36,95885,0
37,87715,0
50,25326,0
37,16560,0
29,94148,1
64,98186,1
18,41745,0
43,46890,0
31,35022,0
55,67579,1
54,85316,0
28,98847,0
53,43380,0
30,17356,0
60,85326,0
20,107447,1
50,104899,0
23,35049,0
27,90717,0
22,31082,0
40,15661,1
27,52412,0
61,17920,0
19,106194,0
