area,bedrooms,bathrooms,age,location_score,price
1360,2,4,18,7,755.7002178
4272,3,4,29,10,2193.330169
3592,1,4,13,4,1864.856083
966,1,4,26,10,534.1571366
4926,2,4,19,8,2650.312781
3944,5,1,16,9,1953.413351
3671,1,3,24,7,1887.537033
3419,1,2,7,5,1824.610734
630,3,4,23,8,465.3834516
2185,4,2,13,4,1449.803366
1269,2,1,25,2,676.4800025
2891,2,4,5,6,1473.09454
2933,5,3,22,9,1618.953575
1684,5,2,21,1,701.3753667
3885,2,4,15,10,2102.440025
4617,5,1,24,7,2339.194394
3404,3,3,18,10,1958.539028
974,2,2,13,9,575.0459725
1582,5,2,18,10,957.3234084
3058,2,4,2,9,1644.444216
2547,4,3,9,10,1640.385135
3247,1,3,18,3,1631.375723
1475,2,3,8,5,1020.755704
2306,1,3,27,8,1331.415176
689,5,1,19,8,531.7066727
3234,1,3,12,4,1720.873315
3505,2,2,6,1,1828.87973
2399,4,2,13,1,1049.732742
1767,5,1,8,4,956.6116606
2028,2,2,26,6,1170.515797
3702,5,2,27,8,1976.110282
4056,3,3,22,6,1984.481015
4390,1,2,24,9,2300.759555
1146,3,1,27,9,861.4105516
3388,2,3,18,2,1853.689172
2935,4,4,14,10,1651.299599
1100,5,3,19,1,693.1449277
2863,1,1,13,2,1415.849298
2561,5,3,23,5,1210.112841
741,2,3,5,4,369.0534012
2541,5,1,20,4,1503.788877
3324,1,3,28,9,1744.600692
3112,2,1,3,8,1672.661602
1863,5,1,7,6,1034.51618
1978,4,4,16,1,1230.413659
3056,2,2,29,2,1696.595892
1275,2,2,8,6,967.3780233
4514,4,3,0,2,2332.095479
534,3,3,23,10,451.5624489
3652,1,4,19,5,1749.335745
2455,3,4,24,5,1460.193443
2085,5,4,13,6,1067.722045
4443,4,1,10,6,2360.177556
3573,3,4,20,6,1784.769747
1521,2,4,2,2,775.6133173
3961,5,3,8,10,2101.773757
3113,5,4,26,3,1566.712474
4343,3,1,13,6,2218.58773
2000,3,1,29,8,1044.173121
661,4,3,8,1,473.8333912
4797,1,4,3,1,2335.013721
2481,3,4,26,2,1298.554143
1495,3,1,3,6,990.2959152
3842,2,4,27,9,1998.680364
4298,5,4,7,4,2201.208111
1775,1,4,1,3,945.4475375
1516,2,2,8,8,1013.972521
837,4,3,28,10,592.9107631
1378,4,2,13,9,798.8785705
1576,3,3,21,5,920.3876651
4493,3,1,8,9,2292.270785
879,4,4,23,2,559.635951
992,3,3,22,3,588.8607308
2562,1,2,15,7,1349.219153
4384,3,4,28,7,2215.14142
564,5,1,29,6,282.3319078
3068,3,3,16,6,1696.481734
2527,2,3,15,2,1427.39805
3195,1,3,29,10,1656.769225
1995,2,4,11,6,1159.33867
891,2,2,2,4,326.7972981
4974,5,2,10,3,2517.538227
4061,1,3,13,2,2062.394107
2778,1,1,17,1,1296.031658
3599,1,1,20,5,1757.849363
700,1,2,20,2,297.2220444
3604,1,1,4,2,1870.219273
2954,5,2,15,7,1597.267098
4145,3,3,19,8,1981.676877
1304,2,2,4,10,615.9299847
3231,1,2,2,8,1694.813482
3273,3,3,11,4,1771.268659
2070,3,1,0,1,812.2495157
3190,2,2,20,7,1644.026982
4340,5,2,28,1,2140.375214
1528,4,3,8,4,1007.833778
1002,4,1,28,8,573.4978188
4993,3,2,8,2,2592.798898
1370,2,3,3,6,824.125714
4988,4,2,2,6,2420.943352
706,3,4,16,9,590.8207217
1984,5,3,1,5,1157.539651
1363,4,1,23,10,883.326864
3290,3,1,0,4,2134.623771
1063,3,1,7,5,421.0887061
4691,1,1,12,10,2660.969665
2257,5,2,22,5,1194.755248
2178,1,2,14,8,1233.73289
3742,2,1,7,10,2029.448775
1559,1,1,11,8,852.0763667
2222,1,1,21,2,1059.016707
3814,4,2,11,7,2076.950874
3657,3,1,13,8,1807.78263
3125,5,1,14,6,1756.557917
3229,1,4,14,5,1657.88056
2097,5,4,8,9,1132.493066
3560,1,1,18,3,1760.998714
3193,2,3,25,10,1863.214922
4127,1,1,19,4,2048.966491
1863,4,4,28,9,1114.345362
2481,3,3,21,6,1266.404372
2163,2,3,7,8,1304.292185
2029,1,1,20,7,1165.050774
2538,5,4,18,2,1525.860883
3802,2,4,5,3,1966.443605
2737,2,3,19,1,1453.36548
1806,1,1,24,9,1016.806754
4529,2,2,28,7,2477.087178
3175,5,2,18,1,1558.616761
1782,2,4,3,3,1052.500531
1209,5,2,22,4,665.0302704
4913,1,4,6,4,2536.081182
4248,3,4,27,5,2212.175248
1163,2,4,27,3,645.7240396
2498,3,2,3,3,1320.377096
3945,5,4,21,1,2044.971318
4243,2,3,11,7,2403.311806
1995,4,1,12,10,1269.044969
3804,3,1,2,1,2036.915459
4263,2,4,21,2,2121.946047
2353,3,1,11,4,1162.575917
1791,2,2,1,4,1083.030056
4081,1,2,23,5,2181.104679
3957,3,1,1,2,2190.767068
2136,4,2,26,4,1069.601937
4196,4,1,22,1,2093.045134
3499,5,1,8,2,1656.551584
3652,2,1,0,1,1828.752889
1198,3,4,7,10,892.6570511
2660,5,1,22,10,1446.350462
4597,3,4,5,4,2470.54798
1354,2,1,5,4,734.9496894
3974,4,1,21,7,2129.405703
2207,1,1,24,10,1107.730861
3277,4,2,17,9,1802.020945
2233,5,4,16,9,998.3864029
4010,1,4,28,5,2043.310384
702,5,1,11,10,372.9526756
3755,2,1,5,1,2030.099452
4718,1,2,25,1,2425.740735
4996,5,2,26,6,2646.667098
1266,2,2,7,2,835.1006227
4889,4,4,18,8,2501.608348
2827,2,4,27,9,1717.23632
3431,3,4,9,4,1908.719156
697,2,1,0,5,426.8444713
2430,2,4,24,8,1448.562015
4082,3,3,28,3,1970.370649
1108,5,3,12,5,593.5485838
3772,5,2,16,3,1902.141028
1647,2,4,2,10,964.6022292
4782,3,3,7,3,2367.344236
3897,3,2,13,3,2133.808307
3011,4,4,2,7,1648.61456
2294,5,1,15,7,1314.250497
1159,1,3,12,7,634.4648634
3311,5,1,19,10,1642.43967
1869,5,4,23,8,1113.505736
2486,4,3,16,5,1155.774502
646,1,4,12,5,405.1365954
3719,4,1,28,4,1773.668496
3411,1,3,5,7,2030.2276
2234,2,1,16,10,1353.136272
2343,1,4,13,4,1254.075379
988,4,4,16,2,686.3706678
3476,5,1,29,4,1712.368402
2459,1,3,7,8,1420.847938
2885,1,1,10,9,1594.481043
3419,3,4,19,3,1800.902008
2302,5,1,27,7,1386.23535
4561,2,4,0,9,2536.74921
3869,4,1,25,4,2020.372366
762,2,3,6,10,394.5112564
1123,5,3,20,3,541.4953705
1516,1,1,20,5,797.7291066
4143,1,1,16,1,2080.837237
2549,5,3,29,3,1219.479628
4223,1,4,9,8,2492.667668
3608,1,3,10,8,2086.639406
4590,1,4,21,4,2411.211832
2556,4,1,29,2,1304.203686
3670,4,1,8,8,1964.779103
2182,3,4,8,8,1157.808154
2755,2,1,23,10,1516.248052
1654,5,4,4,4,982.775254
4999,5,2,16,3,2452.323942
3691,5,3,8,2,1963.917642
2196,3,2,16,9,1229.474095
4491,4,4,23,1,2091.719244
2148,3,3,20,7,1103.961499
1945,5,4,18,5,1048.139447
4699,2,3,26,8,2647.268766
4423,1,3,6,4,2346.155312
753,4,3,22,7,364.9518431
3683,4,3,8,5,2010.103629
3057,3,4,6,5,1494.769601
598,4,3,12,9,579.2691054
2700,5,3,10,9,1488.887535
3461,5,2,13,9,1894.136381
4933,3,1,18,6,2690.079665
4277,5,1,10,6,2136.783643
3369,2,2,12,5,1629.788181
3734,3,2,13,9,1961.640067
4291,2,4,12,10,2423.337885
1456,1,4,0,8,734.0653925
4567,2,4,7,7,2139.28444
660,1,2,11,7,391.8841142
4993,1,2,18,6,2629.67408
1800,2,3,11,5,1114.026175
4487,3,4,7,4,2301.183864
2027,5,4,7,3,1081.357339
1718,5,4,28,3,1041.390073
4996,1,1,20,6,2378.02583
3604,1,3,12,4,1830.147922
3235,3,4,11,6,1762.542389
1454,4,4,28,3,828.9218721
3946,2,4,15,4,2000.019331
1545,1,1,0,9,927.9441012
2193,5,1,12,5,955.6672647
3936,3,2,25,7,2001.175159
1062,2,3,6,10,755.3508713
2985,3,2,27,2,1414.270597
3854,2,3,25,5,1998.898422
725,2,1,4,9,561.1872501
1459,1,4,7,3,764.2450799
3567,3,2,24,9,1931.546377
1315,3,4,26,6,657.2267435
3620,5,2,13,4,1887.338872
516,5,1,22,7,437.021617
1743,1,1,29,8,966.1972961
2705,1,1,12,6,1376.846873
3024,4,2,14,5,1635.42164
1569,5,3,22,6,972.9609791
3944,2,2,16,5,1844.005872
3065,3,3,14,8,1791.407406
1560,1,2,19,1,747.3745261
2827,3,2,17,7,1571.048993
3920,3,1,17,10,2232.724692
801,4,4,1,10,479.3326303
4776,5,4,3,2,2419.0559
1106,1,3,29,9,632.1451304
3670,3,4,0,1,1829.624648
1199,1,2,3,10,940.9936576
1639,2,2,17,6,823.8227906
690,4,1,4,9,463.4453221
2800,2,1,18,1,1426.438903
1480,1,4,14,4,689.7850474
3475,1,3,27,4,1734.931929
1684,5,4,7,9,1072.745326
3827,3,4,19,5,1975.21396
3894,3,4,16,5,2038.661314
627,2,4,0,6,398.5667888
2565,4,2,11,1,1178.052969
2316,3,3,25,1,1206.159321
1069,5,2,18,9,872.9933072
2395,2,3,14,3,1257.340163
3233,2,1,8,4,1710.026412
4363,5,4,6,1,2331.772276
4514,4,2,1,9,2317.06695
3401,5,3,28,8,2005.751466
2186,4,1,8,2,1174.23288
3509,5,1,9,8,2076.68569
654,5,4,1,7,434.6967004
3037,1,3,18,6,1785.306192
1909,2,2,10,1,1061.015549
4557,5,4,12,7,2492.804009
1284,5,2,9,10,861.4024454
3675,3,1,13,7,1928.647138
4841,2,2,17,9,2675.553166
3306,3,2,18,1,1690.035987
1037,2,4,21,2,357.7930296
2341,3,2,8,9,1221.781354
2955,5,4,24,9,1623.915425
1024,5,1,6,6,677.9998983
3450,1,4,27,6,1793.341151
4631,3,4,2,4,2551.397079
4615,4,3,19,4,2195.389814
2868,1,2,5,5,1537.358794
4347,3,1,26,3,2021.702077
4995,3,4,20,1,2606.47123
3201,1,1,1,1,1621.054129
1471,5,3,28,7,897.4609972
1666,3,2,5,1,795.6117039
3274,5,4,2,1,1853.946493
2482,1,2,15,3,1384.172466
1353,5,3,29,10,897.8544303
4646,2,3,7,4,2397.048275
4236,4,1,1,4,2280.985729
4269,3,4,16,2,2119.810743
1074,4,1,8,1,668.5555659
3761,5,3,29,3,2103.448089
1648,3,2,11,4,1013.061056
2215,5,1,2,3,1132.539753
4354,2,1,10,8,2340.141732
2991,1,2,0,10,1540.185846
3160,3,1,22,1,1645.239031
3624,2,2,12,2,1897.060341
3551,2,4,14,7,1713.518366
504,3,2,25,4,189.8216156
1376,5,4,4,8,849.6861103
1491,2,2,20,3,754.4140253
4642,4,3,29,6,2293.052306
4864,2,3,16,9,2614.897873
4965,5,4,24,1,2552.647361
1135,5,4,22,1,597.0730868
2193,4,3,23,8,1155.92085
2182,2,4,24,3,1240.870713
619,5,2,5,5,604.0407113
1330,3,2,27,1,621.6438516
4175,1,3,20,5,2092.283308
1869,1,1,21,6,1048.620767
1240,1,2,10,8,708.197062
616,2,4,17,3,353.0602799
3338,4,1,3,3,1828.965315
1650,5,1,2,10,837.0643912
2431,3,2,12,9,1502.330232
1512,3,2,22,4,823.2680524
2164,2,1,8,4,1111.850686
1581,1,1,20,7,863.5765846
1012,2,3,5,2,563.2429355
3349,4,4,25,8,1639.37987
1059,4,3,29,6,771.9938227
4172,5,2,27,3,2145.132563
3843,5,3,11,9,2149.800213
4570,4,3,1,5,2514.154977
1970,4,3,2,8,1059.883754
1080,4,3,2,7,749.3471899
2794,2,4,27,8,1484.235891
3647,4,4,11,7,2059.177078
4749,3,1,14,3,2215.777258
2179,1,2,8,2,1117.59057
4006,4,3,22,7,2064.717934
3244,1,1,7,3,1713.226295
3856,2,1,10,3,2027.004419
4545,1,1,15,2,2218.737411
1743,2,4,25,4,858.2826136
3618,3,3,26,8,1916.933463
2641,2,3,24,1,1238.835777
3559,2,2,21,1,1870.69837
3459,5,3,3,5,1832.57928
2765,4,3,27,5,1173.801178
2979,4,1,0,1,1514.017794
2135,3,2,23,6,1051.645618
2257,3,3,6,1,1019.372418
4952,4,4,1,5,2493.257336
2570,5,3,23,9,1455.940847
3349,4,1,27,5,1875.364083
3751,5,4,4,6,2066.818447
4230,3,1,6,8,2199.349661
2989,1,3,3,1,1580.09042
2131,3,4,4,2,1099.590969
3316,3,2,23,9,1721.539963
1515,2,2,0,3,721.0637332
1848,2,4,0,6,886.8171193
3587,2,4,14,5,1849.507629
3339,2,1,19,2,1704.305349
835,5,4,18,7,554.837633
1395,4,1,28,4,706.9033072
4046,1,3,9,1,1956.425394
1351,3,1,27,4,779.3246192
2187,5,4,17,6,1095.786808
2431,1,4,27,7,1382.102791
4246,5,3,2,7,2194.778298
2927,5,4,10,7,1551.256476
2068,3,4,14,3,962.3214809
4500,4,2,26,6,2291.859785
3238,2,2,29,8,1812.531246
3998,4,3,10,4,2151.562809
4413,3,1,16,8,2429.342211
1566,3,2,16,2,877.2142546
4880,3,1,5,10,2506.633017
2944,1,4,4,9,1603.921078
4607,4,2,7,9,2400.480087
3873,4,3,1,8,2248.55749
4469,5,3,15,10,2305.821135
3046,5,3,19,10,1795.369769
1253,5,2,23,1,748.795387
2582,3,1,11,2,1518.96202
3274,4,4,5,6,1744.031341
3396,3,1,0,10,1956.232216
4685,1,1,3,5,2656.665184
1275,5,4,16,9,756.7358323
2125,3,4,12,5,1017.995975
3569,3,2,17,2,1636.498997
917,1,2,4,10,695.7712029
614,2,2,29,4,154.6849792
1116,4,2,23,9,663.7680947
4474,2,2,23,1,2283.731319
3767,5,4,26,1,1943.017554
1325,3,1,2,7,843.0444864
2016,1,2,10,3,1079.228986
3646,1,2,12,10,2100.886581
912,4,1,3,2,431.7683619
1228,2,2,25,9,665.3004862
3848,4,1,26,3,1886.734055
3308,3,1,13,2,1778.019181
1175,4,4,21,8,823.5398588
3965,1,3,10,10,2188.622532
3004,1,4,26,6,1696.349367
3467,5,3,9,6,1758.695913
3286,5,3,18,10,1994.722411
1622,3,3,17,7,1085.323862
4579,2,2,5,7,2492.0622
2071,4,4,26,6,1319.679891
2643,3,3,28,4,1210.837679
2187,5,1,14,9,1205.055186
4632,4,2,20,6,2346.469654
4351,5,4,29,4,2327.647932
3940,4,3,9,3,1952.985926
4266,2,1,4,4,2287.749515
2826,3,4,25,3,1603.053614
3414,4,4,28,2,1818.52029
4452,1,2,4,5,2345.375102
1095,1,4,9,2,498.7126659
1228,4,2,27,6,619.3149034
1865,4,3,4,3,1155.461891
4992,4,2,2,6,2713.9349
1198,1,1,22,10,718.0980481
895,1,2,5,9,554.7090454
4671,4,1,3,1,2188.919213
4860,5,2,17,6,2442.914758
3002,5,4,27,9,1851.141909
2319,2,3,8,4,1116.454443
1217,3,1,16,2,662.4479821
3282,5,2,28,4,1809.744397
4077,1,2,12,1,1928.007733
643,5,2,26,3,396.9710475
3640,2,4,14,10,2083.791554
4991,2,4,29,9,2621.749932
3438,3,1,19,10,2154.840306
4136,5,1,16,5,2001.140074
3722,1,4,12,6,2070.872853
1667,1,1,15,3,848.2198263
3116,4,3,21,5,1729.192015
1562,1,3,3,8,970.1307152
2656,3,4,4,6,1394.68438
3482,3,1,4,4,1852.899639
3794,1,2,8,2,1749.209855
1656,1,3,16,9,1022.32475
1232,4,4,12,1,704.8158466
4830,1,1,1,1,2508.866017
1453,4,4,12,4,936.3118325
3039,4,2,21,7,1673.261984
3824,1,3,20,1,1932.808942
3801,2,4,26,9,1943.393166
2042,2,4,22,4,1013.777924
1691,4,4,18,3,1041.173462
3493,1,2,2,1,1925.133541
3181,2,4,9,10,1746.688956
1717,1,2,1,4,945.1002747
2040,1,2,12,9,1064.538563
3736,1,2,18,10,2123.275685
2886,5,3,25,6,1620.541682
4219,1,3,16,6,2392.621744
1888,5,4,20,1,909.1676923
2356,4,4,13,10,1332.19921
1865,2,3,11,2,1004.644592
999,2,1,20,6,641.1489538
2180,2,3,11,2,1117.433236
1010,2,2,10,3,476.703891
4812,2,3,6,4,2583.140753
1824,2,2,3,5,1087.113536
1655,2,4,18,9,882.8725899
2327,4,1,0,4,1406.04428
3641,1,4,27,9,2056.519871
3986,3,2,23,10,2154.42965
2310,5,2,28,3,1215.959786
3423,3,2,2,8,1926.905777
2714,3,1,12,1,1298.829693
4686,1,3,14,9,2484.003148
1213,1,4,1,9,562.2616455
4102,1,4,10,10,2306.645565
4634,2,3,3,2,2225.850678
4022,4,4,18,4,2253.341983
4768,2,1,28,8,2441.987991
1743,4,4,16,7,991.3333018
4209,4,2,2,1,2106.726609
1581,3,3,27,5,833.6961126
955,3,1,17,7,727.3531345
1394,4,3,7,4,555.2191343
1884,4,1,21,1,1089.696539
2458,2,2,24,9,1383.802348
3572,2,3,23,5,1735.297835
2496,3,4,25,2,1178.468761
4785,1,1,18,8,2661.139303
1004,4,3,4,2,490.449312
1714,2,4,6,3,822.6649489
2031,3,3,20,10,1290.231454
3940,2,3,7,1,2045.855288
1323,4,3,27,2,604.7074423
1428,4,1,4,7,879.6624975
633,5,4,16,10,409.9247316
2605,1,2,4,2,1458.58214
4127,5,1,3,6,2310.637096
2352,3,1,21,3,1269.20062
4675,2,1,18,4,2424.666106
3433,3,2,26,8,2004.618812
3784,4,4,20,3,1964.968633
4798,5,4,1,10,2506.812587
3311,5,4,10,6,1848.447391
1750,5,3,21,1,1127.604705
4012,3,3,12,7,2036.524051
1756,4,3,14,8,994.8537233
3876,2,2,11,8,2111.644604
3986,2,3,21,3,2031.609515
4084,3,2,20,10,2097.769642
1896,5,4,21,1,1111.185786
4137,1,3,10,9,2446.504072
3830,3,3,6,6,2063.613146
3203,3,1,27,9,1629.093171
970,4,2,4,7,481.1039475
1853,2,4,16,1,983.2975981
3283,3,1,23,1,1757.887734
3331,3,1,19,6,1802.016775
857,5,4,8,5,565.2596159
3519,5,1,13,9,1866.572835
1167,1,2,25,2,478.2836367
4968,4,2,11,8,2719.475133
1645,1,3,5,5,1009.877162
4685,5,1,16,2,2242.927021
4219,2,3,18,10,2423.483898
3245,5,1,18,6,1790.907122
1039,4,2,25,10,813.4594645
3279,5,2,15,8,1659.287225
4636,4,2,11,4,2273.417584
4275,4,1,11,2,2177.603069
3008,4,2,19,5,1645.278443
3279,4,1,5,2,1886.136082
1424,4,3,22,2,829.6078914
3456,2,1,25,6,1770.731872
2081,1,3,3,10,1112.863079
3824,3,1,5,9,2197.000057
4985,1,3,10,4,2467.029457
755,4,2,0,6,684.3468555
2338,2,3,29,7,1228.561535
2444,5,2,23,6,1489.058207
509,2,2,22,8,432.393129
3371,4,3,14,4,1764.800451
1297,2,1,26,1,586.5603628
1515,2,1,10,7,835.4092123
2324,4,4,24,3,1269.831669
4969,2,1,18,6,2573.21565
3636,3,4,17,2,1812.618859
2693,3,1,16,9,1469.936859
723,2,1,18,1,375.357703
4658,5,2,20,6,2230.126591
4425,4,4,13,6,2390.316811
4500,3,1,26,5,2212.027878
2133,5,4,17,5,1070.16676
2652,2,2,27,1,1152.265565
1010,5,2,18,10,503.6107502
884,1,4,14,5,391.4552497
904,3,2,14,2,427.0979042
2500,2,3,3,7,1585.325914
3256,4,3,6,3,1669.412032
2168,2,2,12,4,1171.775011
1960,4,3,2,3,1122.048139
4136,2,1,15,3,2123.106519
3224,5,4,8,4,1726.255654
4678,5,1,7,5,2337.470624
2548,5,4,19,1,1474.092755
4646,1,2,12,4,2563.719664
1216,4,1,16,8,574.7341306
2323,5,2,16,10,1241.097141
2581,1,2,16,7,1359.518966
3919,4,4,0,9,2066.046221
2074,2,4,7,5,1196.596555
749,1,4,18,10,453.6727798
1173,3,1,5,4,890.0056068
2665,1,3,2,8,1598.554859
1270,1,4,26,9,777.2574031
4462,4,4,4,7,2498.698626
4863,2,1,12,7,2650.090042
2484,3,4,14,5,1290.605251
1577,5,1,13,4,797.8782755
735,5,2,28,10,533.3143063
888,1,4,22,1,539.1636124
3537,4,4,15,10,1970.40604
2348,4,2,17,10,1186.300352
3314,5,2,21,7,1703.717556
3874,3,2,28,1,1932.602714
3778,2,4,21,1,1902.43344
1752,3,3,10,5,1179.254218
4481,2,3,2,9,2273.901206
2622,5,3,21,6,1480.558924
2650,2,4,9,3,1548.911311
1829,4,2,9,3,1222.644975
1858,1,4,29,7,973.5602577
2982,1,2,20,6,1614.142945
2517,5,4,15,9,1498.476036
1831,4,4,11,6,1071.048173
4844,3,2,1,5,2529.11548
4761,4,3,8,10,2619.097539
1858,1,2,23,7,758.7753915
3677,1,1,2,1,1934.706949
2628,4,1,23,7,1432.61779
2680,4,2,29,3,1358.75251
637,1,4,24,9,648.1862196
3972,3,1,29,6,1987.506598
3332,5,1,14,9,1789.692401
4079,5,4,2,5,2387.65533
3531,4,4,18,7,1819.29387
4664,5,3,17,4,2373.988472
3093,1,4,7,7,1660.797458
4800,1,2,25,1,2473.073448
4318,4,2,16,7,2306.780251
4638,4,3,7,8,2356.737465
4323,4,1,6,5,2218.283144
4542,3,1,29,2,2219.264557
2406,5,4,6,5,1336.277895
1260,4,2,2,6,812.5843659
3945,2,1,0,2,2071.320576
1399,2,3,3,6,646.8988246
4955,1,3,24,6,2656.894099
3447,5,2,4,1,1819.756885
2219,4,3,0,1,1323.953205
780,2,3,14,10,597.4198327
3766,5,2,4,3,2094.132296
2387,1,4,12,10,1404.154531
3766,3,4,7,10,2211.622576
1166,5,3,7,3,737.2250636
4688,5,4,4,4,2464.208475
1171,3,4,27,2,846.743472
2469,5,3,8,9,1513.403712
4656,1,4,0,10,2573.374442
3622,1,3,3,7,1813.369558
4400,3,1,2,7,2209.169238
1023,4,2,1,6,682.7715482
2893,2,2,7,3,1526.05212
3617,4,4,22,6,1861.087743
3093,5,4,8,8,1742.59827
2468,2,4,1,8,1558.862693
2253,3,2,13,9,1349.040247
2796,3,1,13,1,1309.899149
2761,2,1,3,1,1405.349117
2786,1,2,29,3,1323.503352
4702,2,1,5,3,2374.230008
3378,5,2,10,10,1841.638433
4643,1,1,2,8,2406.735442
4144,3,3,7,10,2133.486463
4932,2,3,2,1,2505.234532
2555,4,2,13,2,1279.439236
1776,4,1,27,2,618.055131
3266,5,4,12,3,1937.297202
802,4,1,12,6,622.8769654
1138,2,3,1,1,585.3699275
555,2,3,12,2,326.381905
1025,4,1,28,1,401.3345653
4623,2,1,18,5,2547.072288
2625,5,4,26,7,1633.228869
3787,1,4,5,8,2057.169373
864,5,1,15,10,711.3530644
2146,5,1,1,1,1160.528678
1418,2,1,7,7,693.3274561
3297,1,1,16,5,1667.317663
2031,2,2,22,10,1168.692797
3845,3,1,1,1,1927.045228
2406,2,4,9,3,1256.134672
3586,2,3,27,7,1875.860044
2575,2,2,15,10,1433.41215
1213,1,1,5,1,633.725849
1562,2,3,27,7,766.9394934
2476,1,2,1,5,1263.298385
1796,4,3,1,1,843.5415734
625,3,1,25,1,412.281555
4096,1,1,12,1,1845.435306
3783,4,4,23,9,2163.859034
2103,1,1,14,3,1224.13494
566,1,1,27,5,290.7819413
732,3,2,1,10,297.6862912
2656,5,4,6,9,1492.868944
1669,5,2,2,6,978.0815839
2658,1,3,7,9,1379.940178
4706,2,1,22,8,2404.478161
1993,4,3,13,8,1304.51952
4507,2,2,23,1,2322.992716
2972,2,1,29,9,1497.543589
3160,1,1,22,6,1483.240083
3239,1,2,26,9,1693.798268
2261,1,2,21,3,1136.154322
4014,1,2,28,3,2069.619919
2475,5,2,6,6,1325.968329
2862,1,2,20,9,1601.149958
1376,5,1,6,7,1031.515404
4312,5,2,0,3,2346.550102
3948,1,1,16,3,1999.191149
1812,3,1,8,2,938.6849529
1960,4,2,29,9,1075.332687
3209,2,2,20,3,1761.564091
2824,5,4,12,5,1478.268655
2233,4,1,20,9,1263.022271
2105,3,2,18,8,1185.61979
3063,2,2,20,2,1505.321581
3921,2,2,18,3,1866.253445
4017,5,4,24,2,2100.79745
2897,1,4,24,8,1552.399603
4235,3,3,21,6,2266.524047
3370,5,1,16,6,1746.639969
1660,3,3,22,9,1094.08213
742,1,2,22,8,383.3226219
3090,1,4,29,4,1756.204028
1563,5,4,9,4,726.736349
4824,1,3,9,9,2603.477006
3095,4,4,3,1,1672.043068
1419,2,2,7,2,679.9442932
505,5,4,21,2,360.9393938
967,3,3,19,6,714.451867
4670,4,2,19,4,2189.318116
503,5,3,17,10,488.7744807
1145,1,4,13,3,380.172918
617,1,3,17,3,253.9335196
3428,1,3,27,3,1898.916636
3051,1,1,13,6,1548.321797
4789,3,4,19,8,2417.112004
1346,4,4,20,7,786.2062271
3262,2,3,23,4,1892.790634
1641,3,1,14,4,706.3317753
2310,3,4,21,10,1215.869009
1223,2,2,29,2,767.2431683
724,2,3,3,1,597.7702344
4708,1,4,12,9,2492.656878
2548,3,2,26,2,1172.09473
4915,5,4,22,8,2821.08435
2073,2,2,7,9,1350.944239
2328,2,3,17,4,1298.894699
2417,4,4,11,8,1293.259765
4734,5,4,22,9,2531.097066
2526,5,1,13,10,1427.963992
4244,2,3,1,10,2344.08513
1401,1,2,17,5,910.6001438
2539,4,4,23,7,1484.441704
509,5,4,1,10,372.7623923
760,2,2,10,4,591.649645
2173,5,3,8,1,1187.813214
2719,4,1,11,3,1498.20658
2560,4,1,16,5,1516.654086
4213,3,4,14,3,2070.341975
2119,2,2,24,7,1146.917442
820,4,4,16,9,527.8545449
1842,3,2,25,6,848.2140575
2876,3,1,28,10,1603.670998
3332,5,3,25,1,1953.155655
3324,5,2,17,7,1612.992226
2494,3,1,21,3,1283.771939
3458,5,4,5,5,1936.054294
2538,4,2,16,10,1453.30782
3990,1,3,22,4,2030.687195
4177,4,4,23,10,2130.578364
1618,3,4,17,5,931.2786743
2104,3,1,7,5,1074.323602
4527,4,2,8,6,2172.50783
735,5,4,5,10,704.9592221
2469,5,3,4,10,1543.338582
4929,3,2,11,6,2581.666098
2408,2,3,24,8,1339.907469
875,5,4,28,8,686.9318013
4030,4,3,27,9,2179.433966
3135,5,1,10,8,1814.901755
2070,4,3,24,2,1048.25178
3060,3,2,0,10,1855.198374
3891,5,3,10,1,2043.578573
3465,4,3,18,10,1926.905194
4143,3,1,8,2,1995.493891
4350,2,3,26,2,2222.695585
1372,4,3,1,3,706.8045083
1752,2,4,11,10,988.1717273
1814,2,4,3,7,972.4624372
3398,1,2,3,2,1640.376507
577,5,4,17,1,559.9771403
3121,4,4,14,6,1823.633906
4727,2,4,18,9,2702.53675
1100,1,4,12,3,486.710498
1565,3,1,18,6,880.625375
2636,4,4,16,3,1269.649237
2949,2,1,5,1,1436.930512
2843,5,1,15,5,1431.687302
2363,1,4,23,10,1447.458401
1818,2,3,11,4,948.3770322
4097,5,1,18,7,2281.337933
4262,2,3,4,6,2314.412089
2690,4,3,16,10,1754.363875
1492,4,4,25,7,721.0555777
3212,4,2,22,5,1816.923324
2692,1,4,25,4,1508.644087
1748,4,2,28,7,879.6621162
3554,5,2,0,7,2046.713334
4533,2,4,27,6,2384.114496
2497,3,4,26,8,1351.752374
4187,5,2,24,4,2087.106451
2651,5,4,23,10,1435.589055
4518,4,2,22,5,2548.98121
3610,1,3,9,4,1878.068282
2470,2,4,14,1,1348.213
697,1,3,22,8,376.4100618
3126,2,1,20,1,1487.014705
1702,2,3,20,5,1035.198481
2535,1,3,10,6,1233.542379
977,5,2,12,6,576.9786232
1754,2,3,4,5,988.4027411
1422,1,4,0,3,805.1372602
919,2,2,23,5,504.5906715
2704,3,1,11,8,1526.581978
3097,5,4,10,2,1705.785576
1620,4,1,16,6,988.4637545
3568,2,3,3,9,1855.419619
1450,3,4,14,8,846.5844902
2836,4,4,24,8,1677.476286
2743,4,1,29,8,1569.964719
3145,2,4,8,7,1572.214055
2357,1,4,20,8,1331.64799
2365,2,4,19,6,1084.677475
3412,3,3,18,2,1755.69349
3353,4,1,18,2,1907.276702
3728,2,4,11,8,1915.210728
4219,1,2,4,1,2057.067695
3728,2,2,9,6,2046.402978
2871,5,2,16,6,1403.219848
3391,1,2,4,4,1708.224497
4256,3,3,21,10,2346.644114
4725,4,4,15,3,2382.071415
594,2,1,6,3,333.4030013
3174,1,4,27,1,1660.418571
2455,5,3,8,3,1369.654608
1293,1,2,2,4,753.1818396
2334,5,3,14,5,1251.087772
2616,3,4,15,3,1418.006112
4606,4,1,17,6,2393.626732
3825,3,3,13,5,2058.280561
3419,2,1,2,3,1727.806797
3097,1,3,11,6,1629.243103
3705,5,1,8,6,1884.504221
1314,5,1,27,8,776.499239
845,1,2,6,2,383.3999136
2849,1,1,8,1,1329.095355
862,2,2,12,4,526.8661148
2943,3,4,17,7,1621.773978
2765,5,4,4,10,1680.787373
2688,2,2,12,3,1355.887443
3505,3,2,3,3,1876.305285
3781,2,3,1,5,2059.579757
1484,5,3,15,5,902.4773808
2139,1,3,8,10,1151.934632
1327,1,4,8,3,745.4363482
3230,3,3,5,9,1827.41403
4031,4,1,10,4,2103.217847
4951,3,1,21,3,2306.852234
3435,4,3,23,2,1778.548962
4376,2,1,21,10,2544.253104
626,2,4,0,9,459.9960731
3677,5,1,3,4,1876.69229
3556,4,4,12,3,1904.334856
1103,5,2,22,7,707.737821
3949,1,2,12,8,2213.773517
4646,4,2,12,2,2257.213184
4033,3,2,1,7,2236.638025
3867,1,1,8,5,2068.542206
3868,1,3,23,5,1979.785346
4297,3,1,7,3,2250.368732
2292,1,4,6,5,1349.945748
3361,4,1,3,2,1838.731538
3976,5,1,17,4,1956.698069
3917,1,4,2,6,2164.515819
2145,4,2,27,1,1081.031139
1705,2,2,5,10,1033.78741
3530,4,2,11,4,1864.319699
3372,5,3,11,6,1809.975701
3572,4,4,20,9,2068.17075
2354,3,4,27,2,1202.628204
4521,5,1,7,7,2296.545387
3208,2,3,21,6,1653.647014
4002,3,2,21,2,2050.869472
1832,4,3,0,8,1219.921478
701,5,4,3,7,587.8094685
4007,2,4,20,5,2001.446472
4712,3,1,27,5,2662.518992
1074,2,1,10,7,675.4775311
1036,4,4,2,9,844.5390738
2125,2,2,12,9,1192.328557
2622,1,2,24,9,1475.335924
885,3,3,16,6,635.4468505
3781,2,4,21,10,2168.319471
974,4,4,21,6,708.7368305
917,4,2,9,3,626.7197
4100,2,2,20,1,2027.491327
1454,4,4,11,7,820.8253958
1705,5,1,14,4,974.760751
4620,5,4,20,1,2456.312807
2490,5,4,9,8,1402.72793
4072,1,2,13,6,2230.517197
4880,2,2,12,6,2685.261675
4658,1,1,4,2,2276.367908
3213,4,1,5,1,1574.80793
2703,1,3,23,2,1352.462494
3620,4,4,1,4,1966.761267
1466,4,2,21,2,722.5432986
3932,3,1,16,1,2121.220268
1188,5,3,3,7,806.4066862
4743,4,3,13,8,2530.444705
4201,3,2,9,6,2072.909048
841,5,2,2,4,408.9184184
2224,4,3,24,6,1243.100925
4922,4,1,2,3,2335.740437
2292,1,3,14,8,1370.263741
2259,1,4,5,10,1291.684616
3712,5,4,16,2,2256.309297
1489,4,2,11,5,1082.291625
2762,2,1,21,1,1362.855093
2982,1,1,19,6,1549.3663
1451,5,4,23,2,887.0581514
1222,4,3,28,4,846.317261
3889,4,2,10,6,1904.697094
2579,2,3,24,10,1253.862453
3217,5,3,3,8,1731.296519
2832,4,3,25,8,1605.273758
3876,1,1,27,6,2040.687359
2000,2,4,25,4,1164.977145
785,5,1,5,8,439.5302472
3995,2,4,0,8,1933.885614
2565,1,2,19,10,1504.30142
1268,5,2,22,1,586.1803727
3557,2,3,27,4,1623.651214
4789,3,4,15,4,2497.006375
2661,1,4,14,7,1524.817569
3793,1,4,16,7,1995.294287
1446,1,3,7,8,814.2151614
3835,3,3,27,5,1973.563777
4650,3,2,25,7,2386.941724
1981,4,1,11,8,1000.695289
2401,2,4,26,9,1260.031932
3951,4,4,21,3,2098.627991
4564,2,1,20,3,2346.167854
554,3,4,9,4,393.8059806
2323,3,3,26,5,1135.985152
3962,4,3,14,10,2145.849684
3579,5,4,29,1,1606.793495
1332,4,3,8,7,833.8476664
4908,2,3,1,9,2770.885771
3306,4,4,4,8,1685.586787
2990,1,2,5,5,1525.407233
827,2,1,6,4,521.4106779
3810,2,3,20,7,2136.284263
3800,5,2,24,5,1946.177538
4175,3,3,0,7,2174.274967
3554,2,3,22,1,1592.107686
2643,3,1,25,1,1333.843813
1811,4,3,6,10,1308.707604
3691,1,1,19,3,1897.235846
3038,5,1,24,2,1555.772102
4483,3,1,29,2,2282.708231
664,2,2,11,7,447.8907996
4777,3,4,15,10,2485.198563
1322,2,2,15,2,777.3279916
1443,3,4,10,4,842.0761523
4925,2,4,20,2,2502.261325
1274,4,1,3,6,670.4633973
2698,2,3,12,8,1616.350793
3656,2,1,6,10,2059.470275
4742,1,3,3,4,2400.707916
4195,2,4,14,5,2292.682485
3952,1,1,18,4,1967.242916
1414,5,3,8,3,728.7996507
1808,1,2,10,5,907.0296883
4677,4,3,7,9,2343.393145
1013,1,1,0,8,690.654238
2420,5,2,22,8,1166.885512
4094,4,3,24,8,2057.155617
1909,3,3,23,8,871.9411991
3690,3,3,7,7,1978.393031
4991,1,3,12,8,2607.467954
2055,1,3,21,8,1103.830379
1304,5,2,26,8,679.7422305
1779,5,4,3,10,994.2766247
4077,2,2,7,7,2209.936986
3401,5,2,2,1,1720.444807
1887,2,2,28,4,1013.135832
3261,4,4,8,4,1653.975131
3179,1,1,28,5,1643.606274
2606,4,4,1,10,1649.327804
4723,5,2,1,6,2572.11658
3268,4,3,27,4,1659.758618
