Mileage (km),Resale Price (in Lakhs)
89896,5.7549005129611315
76295,5.596665219604181
105689,4.633444637196875
16111,9.108386168910815
42504,7.982090165996244
137874,2.7244628540189577
13155,8.977255815953047
44384,8.195041573860953
117561,4.281831523743687
52254,7.668118853683696
26918,8.36335374096031
90981,4.851215582754563
35306,7.984192501966914
51843,7.365972638556392
125975,3.3360342708654
101601,5.0930749981235754
112512,3.9745808468906034
116472,4.46425845997415
138121,2.8408491533429525
108727,4.740075772782366
117893,3.6201724011000445
25932,8.575258018649269
122796,3.8726870346417805
34855,7.842516977936457
12400,8.993859528696314
122858,4.139517261521012
20151,9.176354004110706
71690,5.847379637061445
9499,9.409403393154498
11295,9.351567820838044
125885,3.758062747102281
131071,2.9976820633907173
64040,6.38479717249848
17183,8.6955522965517
148946,2.254161386214288
121336,3.936898386299479
37711,7.615207633287643
10539,9.872212241167755
131063,3.1895859502226096
138629,2.5971976384735864
43360,7.359833584905244
138272,2.5586700073909228
26357,9.076620812161549
124121,3.7431773686091208
82505,5.765786527824403
7869,9.751676401377695
55108,7.096340332422319
117296,4.186590948057905
99179,4.437710963492958
95272,5.157332625818514
43467,7.419093775481807
28328,8.160619519387122
96412,4.874438798279291
140059,2.375531375148035
63871,6.303327882888041
133391,2.938701355675008
91416,5.7694788476165835
75271,5.797138326893345
49064,6.989233885624241
112450,4.469596783542506
24830,9.027595498279531
142965,2.480310629887979
121381,3.71075376095682
52333,7.45341759659622
139508,2.360180437349708
81213,6.26480379025231
141967,3.0721067059159455
35746,7.919150466025686
54377,6.713635327920506
59045,7.391257470622848
102888,4.699935705267816
112455,4.245352193659001
141672,2.884589389515738
98179,5.057369056122406
50714,7.830951346066798
107946,4.882543801577805
114616,4.461832354946659
110983,4.41822028103565
129123,3.6481377436803983
48484,7.6791244986155585
87989,5.539904873343168
41212,7.505132172198042
48525,7.811047887675401
68208,6.806354876789899
38828,8.125402454405641
8420,9.886602712830715
101752,4.9089107847481666
136373,2.680330653373675
120294,3.576046637135538
129019,3.0671359665232156
70726,6.233239429439204
146564,1.987537962812489
120668,3.9010697712340345
11102,9.264545247940745
123015,3.8176139100064
31641,8.255155608247039
108746,4.578687428680482
41631,7.695668227993206
77991,5.742359873107095
9014,9.531608628129732
16093,9.363729819591429
23070,8.65969970412083
40777,8.335692500149902
61958,6.346920827291478
87074,5.431627459563845
15729,9.657174404778688
110864,4.335919810493537
135858,2.923651609609607
110510,4.374707372795045
59748,6.997525029481827
10801,9.675147228186944
34592,7.845404178651021
15647,8.943835193060902
144788,2.620623790179944
115627,4.409660219054952
75316,6.181356211630877
7368,9.358974983689391
82575,5.9253284363829
11655,9.63940754356945
75031,5.87240974283147
