x,y,mean - xi,mean - yi,NUM,DEN,,
1896,12,-60.620689,1.6565518,-100.4213115,3674.867935,,
1900,11,-56.620689,0.6565518,-37.17441528,3205.902423,,
1904,11,-52.620689,0.6565518,-34.54820808,2768.936911,,
1906,11.2,-50.620689,0.8565518,-43.35924228,2562.454155,,
1908,10.8,-48.620689,0.4565518,-22.19786308,2363.971399,,
1912,10.8,-44.620689,0.4565518,-20.37165588,1991.005887,56742,299.96
1920,10.8,-36.620689,0.4565518,-16.71924148,1341.074863,1956.620689,10.3434482
1924,10.6,-32.620689,0.2565518,-8.36889648,1064.109351,x_mean,y_mean
1928,10.8,-28.620689,0.4565518,-13.06682708,819.1438388,,
1932,10.3,-24.620689,-0.0434482,1.06972462,606.1783268,,
1936,10.3,-20.620689,-0.0434482,0.89593182,425.2128148,,
1948,10.3,-8.620689,-0.0434482,0.37455342,74.31627883,,
1952,10.4,-4.620689,0.0565518,-0.26130828,21.35076683,,
1956,10.5,-50.620689,0.1565518,-7.92475998,2562.454155,,
1960,10.2,3.379311,-0.1434482,-0.48475608,11.41974283,,
1964,10,7.379311,-0.3434482,-2.53441108,54.45423083,,
1968,9.95,11.379311,-0.3934482,-4.47716943,129.4887188,,
1972,10.14,15.379311,-0.2034482,-3.12889314,236.5232068,,
1976,10.06,19.379311,-0.2834482,-5.49303082,375.5576948,,
1980,10.25,23.379311,-0.0934482,-2.18475453,546.5921828,,
1984,9.99,27.379311,-0.3534482,-9.67716819,749.6266708,,
1988,9.92,31.379311,-0.4234482,-13.28751276,984.6611588,,
1992,9.96,35.379311,-0.3834482,-13.56613312,1251.695647,,
1996,9.84,39.379311,-0.5034482,-19.82544324,1550.730135,,
2000,9.87,43.379311,-0.4734482,-20.53785671,1881.764623,,
2004,9.85,47.379311,-0.4934482,-23.37923573,2244.799111,,
2008,9.69,51.379311,-0.6534482,-33.57371829,2639.833599,,
2012,9.63,55.379311,-0.7134482,-39.51026975,3066.868087,,
2016,9.81,59.379311,-0.5334482,-31.67578657,3525.902575,,
,,,,,,,
,,,,-525.409659,42730.89649,,
